,,,,,,,,,QGC,WPL,110
0,1,0,16,0.0,0.0,0.0,0.0,-1.541311,36.661958,1930.380005,1
1,0,3,16,0.0,0.0,0.0,0.0,-1.542749,36.661484,30.0,1
2,0,3,16,0.0,0.0,0.0,0.0,-1.5419610000000001,36.662525,50.0,1
3,0,3,16,0.0,0.0,0.0,0.0,-1.540454,36.662632,40.0,1
4,0,3,16,0.0,0.0,0.0,0.0,-1.539928,36.661999,35.0,1
5,0,3,16,0.0,0.0,0.0,0.0,-1.540261,36.660808,30.0,1
6,0,3,17,0.0,0.0,0.0,0.0,-1.541398,36.663447999999995,40.0,1
